Country Name;Annee;CO2;CH4;TOTAL
Argentina;1970;3.46;3.56;7.02
Australia;1970;11.80;7.54;19.34
Brazil;1970;0.99;2.18;3.17
Canada;1970;16.01;3.16;19.17
China;1970;0.94;0.95;1.89
France;1970;8.45;1.60;10.05
Germany;1970;0.00;1.62;1.62
India;1970;0.35;0.72;1.07
Indonesia;1970;0.31;1.10;1.41
Iran;1970;3.22;1.82;5.04
Japan;1970;7.44;0.98;8.42
Korea;1970;1.67;0.80;2.47
Mexico;1970;2.22;1.18;3.40
Nigeria;1970;0.05;7.80;7.85
Pakistan;1970;0.42;0.97;1.39
Russia;1970;18.09;2.60;20.69
Saudi Arabia;1970;7.76;5.44;13.20
United Kingdom;1970;11.73;2.16;13.89
United States;1970;21.11;2.90;24.01
Koweit;1970;33.64;29.43;63.07
Qatar;1970;69.11;43.61;112.72
Argentina;1971;3.67;3.49;7.16
Australia;1971;11.81;7.25;19.06
Brazil;1971;1.05;1.86;2.91
Canada;1971;16.06;3.10;19.16
China;1971;1.04;0.97;2.01
France;1971;8.83;1.56;10.39
Germany;1971;0.00;1.61;1.61
India;1971;0.36;0.71;1.07
Indonesia;1971;0.33;1.01;1.34
Iran;1971;3.47;1.89;5.36
Japan;1971;7.55;0.88;8.43
Korea;1971;1.78;0.78;2.56
Mexico;1971;2.38;1.16;3.54
Nigeria;1971;0.05;8.89;8.94
Pakistan;1971;0.39;0.95;1.34
Russia;1971;19.09;2.62;21.71
Saudi Arabia;1971;9.80;6.17;15.97
United Kingdom;1971;11.82;2.16;13.98
United States;1971;20.98;2.79;23.77
Koweit;1971;33.98;28.89;62.87
Qatar;1971;76.65;47.75;124.40
Argentina;1972;3.66;3.59;7.25
Australia;1972;11.95;8.07;20.02
Brazil;1972;1.15;2.03;3.18
Canada;1972;17.15;2.97;20.12
China;1972;1.08;0.96;2.04
France;1972;9.11;1.54;10.65
Germany;1972;0.00;1.57;1.57
India;1972;0.37;0.69;1.06
Indonesia;1972;0.36;1.61;1.97
Iran;1972;3.53;2.02;5.55
Japan;1972;7.96;0.83;8.79
Korea;1972;1.80;0.77;2.57
Mexico;1972;2.42;1.13;3.55
Nigeria;1972;0.05;9.81;9.86
Pakistan;1972;0.31;0.93;1.24
Russia;1972;19.98;2.78;22.76
Saudi Arabia;1972;11.00;7.66;18.66
United Kingdom;1972;11.56;2.07;13.63
United States;1972;21.75;2.79;24.54
Koweit;1972;32.44;27.25;59.69
Qatar;1972;82.64;51.70;134.34
Argentina;1973;3.75;3.62;7.37
Australia;1973;12.78;7.30;20.08
Brazil;1973;1.30;1.89;3.19
Canada;1973;16.97;2.99;19.96
China;1973;1.10;0.94;2.04
France;1973;9.71;1.52;11.23
Germany;1973;0.00;1.57;1.57
India;1973;0.38;0.69;1.07
Indonesia;1973;0.40;1.10;1.50
Iran;1973;4.19;2.23;6.42
Japan;1973;8.42;0.81;9.23
Korea;1973;2.14;0.78;2.92
Mexico;1973;2.56;1.10;3.66
Nigeria;1973;0.07;10.79;10.86
Pakistan;1973;0.32;0.92;1.24
Russia;1973;20.70;2.79;23.49
Saudi Arabia;1973;14.17;9.75;23.92
United Kingdom;1973;11.75;2.16;13.91
United States;1973;22.51;2.78;25.29
Koweit;1973;26.77;22.04;48.81
Qatar;1973;87.69;52.63;140.32
Argentina;1974;3.75;3.61;7.36
Australia;1974;12.56;7.49;20.05
Brazil;1974;1.37;1.98;3.35
Canada;1974;17.10;2.91;20.01
China;1974;1.10;0.92;2.02
France;1974;9.31;1.51;10.82
Germany;1974;0.00;1.58;1.58
India;1974;0.38;0.68;1.06
Indonesia;1974;0.40;0.96;1.36
Iran;1974;4.53;2.20;6.73
Japan;1974;8.31;0.79;9.10
Korea;1974;2.18;0.80;2.98
Mexico;1974;2.67;1.15;3.82
Nigeria;1974;0.06;11.75;11.81
Pakistan;1974;0.33;0.93;1.26
Russia;1974;21.37;2.85;24.22
Saudi Arabia;1974;14.00;9.80;23.80
United Kingdom;1974;10.98;2.11;13.09
United States;1974;21.50;2.75;24.25
Koweit;1974;20.10;16.14;36.24
Qatar;1974;68.27;41.63;109.90
Argentina;1975;3.67;3.63;7.30
Australia;1975;12.66;7.71;20.37
Brazil;1975;1.41;2.08;3.49
Canada;1975;17.16;2.80;19.96
China;1975;1.25;0.93;2.18
France;1975;8.29;1.54;9.83
Germany;1975;0.00;1.58;1.58
India;1975;0.40;0.68;1.08
Indonesia;1975;0.41;0.93;1.34
Iran;1975;4.26;1.94;6.20
Japan;1975;7.80;0.76;8.56
Korea;1975;2.32;0.81;3.13
Mexico;1975;2.76;1.17;3.93
Nigeria;1975;0.06;9.69;9.75
Pakistan;1975;0.35;0.93;1.28
Russia;1975;22.34;2.94;25.28
Saudi Arabia;1975;11.23;7.38;18.61
United Kingdom;1975;10.74;2.17;12.91
United States;1975;20.40;2.73;23.13
Koweit;1975;16.47;12.15;28.62
Qatar;1975;66.68;35.04;101.72
Argentina;1976;3.80;3.70;7.50
Australia;1976;12.42;8.15;20.57
Brazil;1976;1.41;2.26;3.67
Canada;1976;17.03;2.89;19.92
China;1976;1.29;0.93;2.22
France;1976;9.33;1.57;10.90
Germany;1976;0.00;1.59;1.59
India;1976;0.41;0.66;1.07
Indonesia;1976;0.46;1.10;1.56
Iran;1976;4.64;2.08;6.72
Japan;1976;8.06;0.76;8.82
Korea;1976;2.60;0.78;3.38
Mexico;1976;3.01;1.18;4.19
Nigeria;1976;0.06;10.28;10.34
Pakistan;1976;0.33;0.92;1.25
Russia;1976;23.04;3.05;26.09
Saudi Arabia;1976;13.01;8.76;21.77
United Kingdom;1976;10.65;2.16;12.81
United States;1976;21.16;2.70;23.86
Koweit;1976;17.01;11.13;28.14
Qatar;1976;59.78;33.12;92.90
Argentina;1977;3.78;3.74;7.52
Australia;1977;13.23;7.82;21.05
Brazil;1977;1.45;2.05;3.50
Canada;1977;17.20;2.75;19.95
China;1977;1.39;0.92;2.31
France;1977;8.83;1.62;10.45
Germany;1977;0.00;1.58;1.58
India;1977;0.43;0.66;1.09
Indonesia;1977;0.60;1.52;2.12
Iran;1977;4.71;1.95;6.66
Japan;1977;8.21;0.75;8.96
Korea;1977;2.90;0.78;3.68
Mexico;1977;3.07;1.16;4.23
Nigeria;1977;0.07;9.42;9.49
Pakistan;1977;0.34;0.93;1.27
Russia;1977;23.66;3.09;26.75
Saudi Arabia;1977;14.40;8.54;22.94
United Kingdom;1977;10.76;2.14;12.90
United States;1977;21.53;2.65;24.18
Koweit;1977;14.93;9.34;24.27
Qatar;1977;54.45;27.50;81.95
Argentina;1978;3.79;3.58;7.37
Australia;1978;14.07;6.95;21.02
Brazil;1978;1.54;2.13;3.67
Canada;1978;17.36;2.61;19.97
China;1978;1.53;0.92;2.45
France;1978;9.25;1.63;10.88
Germany;1978;0.00;1.60;1.60
India;1978;0.42;0.65;1.07
Indonesia;1978;0.67;1.09;1.76
Iran;1978;4.52;1.81;6.33
Japan;1978;7.87;0.70;8.57
Korea;1978;3.07;0.78;3.85
Mexico;1978;3.45;1.21;4.66
Nigeria;1978;0.07;9.09;9.16
Pakistan;1978;0.36;0.94;1.30
Russia;1978;24.30;3.17;27.47
Saudi Arabia;1978;13.32;7.32;20.64
United Kingdom;1978;10.77;2.16;12.93
United States;1978;21.97;2.61;24.58
Koweit;1978;17.16;10.09;27.24
Qatar;1978;54.87;29.42;84.28
Argentina;1979;4.03;3.52;7.55
Australia;1979;14.13;7.33;21.46
Brazil;1979;1.60;2.16;3.76
Canada;1979;18.27;3.02;21.29
China;1979;1.54;0.90;2.44
France;1979;9.64;1.64;11.28
Germany;1979;0.00;1.64;1.64
India;1979;0.43;0.64;1.07
Indonesia;1979;0.66;1.28;1.94
Iran;1979;4.40;1.30;5.70
Japan;1979;8.25;0.69;8.94
Korea;1979;3.55;0.77;4.32
Mexico;1979;3.64;1.24;4.88
Nigeria;1979;0.08;11.30;11.38
Pakistan;1979;0.37;0.93;1.30
Russia;1979;24.33;3.24;27.57
Saudi Arabia;1979;15.12;7.45;22.57
United Kingdom;1979;11.47;2.22;13.69
United States;1979;21.78;2.67;24.45
Koweit;1979;13.63;10.22;23.85
Qatar;1979;69.99;25.00;94.99
Argentina;1980;3.90;3.43;7.33
Australia;1980;15.02;7.46;22.48
Brazil;1980;1.55;2.28;3.83
Canada;1980;18.08;3.22;21.30
China;1980;1.50;0.89;2.39
France;1980;9.16;1.60;10.76
Germany;1980;0.00;1.65;1.65
India;1980;0.45;0.64;1.09
Indonesia;1980;0.64;1.24;1.88
Iran;1980;3.13;0.94;4.07
Japan;1980;8.11;0.66;8.77
Korea;1980;3.54;0.76;4.30
Mexico;1980;3.96;1.30;5.26
Nigeria;1980;0.10;10.31;10.41
Pakistan;1980;0.41;0.89;1.30
Russia;1980;25.11;3.31;28.42
Saudi Arabia;1980;17.48;7.85;25.33
United Kingdom;1980;10.29;2.21;12.50
United States;1980;20.79;2.67;23.46
Koweit;1980;18.03;6.72;24.75
Qatar;1980;58.57;18.89;77.47
Argentina;1981;3.60;3.29;6.89
Australia;1981;15.43;6.53;21.96
Brazil;1981;1.39;2.17;3.56
Canada;1981;17.32;3.16;20.48
China;1981;1.46;0.87;2.33
France;1981;8.20;1.55;9.75
Germany;1981;0.00;1.65;1.65
India;1981;0.47;0.63;1.10
Indonesia;1981;0.66;1.12;1.78
Iran;1981;2.81;0.87;3.68
Japan;1981;7.90;0.64;8.54
Korea;1981;3.61;0.76;4.37
Mexico;1981;4.10;1.34;5.44
Nigeria;1981;0.11;8.49;8.60
Pakistan;1981;0.43;0.90;1.33
Russia;1981;24.48;3.39;27.87
Saudi Arabia;1981;17.02;6.09;23.11
United Kingdom;1981;9.96;2.20;12.16
United States;1981;19.77;2.65;22.42
Koweit;1981;17.52;4.49;22.01
Qatar;1981;51.86;13.11;64.97
Argentina;1982;3.59;3.19;6.78
Australia;1982;15.42;7.10;22.52
Brazil;1982;1.36;2.18;3.54
Canada;1982;16.52;2.75;19.27
China;1982;1.57;0.86;2.43
France;1982;7.84;1.49;9.33
Germany;1982;0.00;1.63;1.63
India;1982;0.48;0.62;1.10
Indonesia;1982;0.68;3.08;3.76
Iran;1982;3.30;1.09;4.39
Japan;1982;7.60;0.63;8.23
Korea;1982;3.61;0.75;4.36
Mexico;1982;4.29;1.44;5.73
Nigeria;1982;0.12;7.95;8.07
Pakistan;1982;0.45;0.88;1.33
Russia;1982;24.78;3.50;28.28
Saudi Arabia;1982;14.39;4.62;19.01
United Kingdom;1982;9.74;2.20;11.94
United States;1982;18.59;2.62;21.21
Koweit;1982;14.04;3.33;17.37
Qatar;1982;44.56;11.77;56.34
Argentina;1983;3.60;3.22;6.82
Australia;1983;14.64;6.44;21.08
Brazil;1983;1.29;2.16;3.45
Canada;1983;16.11;2.73;18.84
China;1983;1.63;0.87;2.50
France;1983;7.54;1.48;9.02
Germany;1983;0.00;1.59;1.59
India;1983;0.51;0.63;1.14
Indonesia;1983;0.66;1.46;2.12
Iran;1983;3.43;1.03;4.46
Japan;1983;7.41;0.63;8.04
Korea;1983;3.78;0.77;4.55
Mexico;1983;3.83;1.35;5.18
Nigeria;1983;0.15;7.74;7.89
Pakistan;1983;0.47;0.87;1.34
Russia;1983;24.99;3.56;28.55
Saudi Arabia;1983;13.76;3.56;17.32
United Kingdom;1983;9.69;2.20;11.89
United States;1983;18.57;2.53;21.10
Koweit;1983;13.70;3.80;17.51
Qatar;1983;36.43;9.11;45.54
Argentina;1984;3.58;3.19;6.77
Australia;1984;15.22;6.53;21.75
Brazil;1984;1.28;2.03;3.31
Canada;1984;16.62;2.78;19.40
China;1984;1.75;0.88;2.63
France;1984;7.19;1.48;8.67
Germany;1984;0.00;1.59;1.59
India;1984;0.51;0.62;1.13
Indonesia;1984;0.69;1.01;1.70
Iran;1984;3.31;0.84;4.15
Japan;1984;7.83;0.62;8.45
Korea;1984;4.06;0.80;4.86
Mexico;1984;3.73;1.31;5.04
Nigeria;1984;0.15;7.85;8.00
Pakistan;1984;0.48;0.85;1.33
Russia;1984;25.02;3.68;28.70
Saudi Arabia;1984;12.54;2.21;14.75
United Kingdom;1984;9.38;1.90;11.28
United States;1984;18.98;2.58;21.56
Koweit;1984;17.17;3.92;21.09
Qatar;1984;36.14;12.36;48.50
Argentina;1985;3.33;3.13;6.46
Australia;1985;15.31;7.22;22.53
Brazil;1985;1.34;2.05;3.39
Canada;1985;16.33;2.85;19.18
China;1985;1.87;0.86;2.73
France;1985;7.08;1.44;8.52
Germany;1985;0.00;1.62;1.62
India;1985;0.54;0.61;1.15
Indonesia;1985;0.73;1.01;1.74
Iran;1985;3.40;0.81;4.21
Japan;1985;7.58;0.62;8.20
Korea;1985;4.37;0.82;5.19
Mexico;1985;3.80;1.30;5.10
Nigeria;1985;0.14;7.77;7.91
Pakistan;1985;0.51;0.83;1.34
Russia;1985;26.78;3.76;30.54
Saudi Arabia;1985;13.16;1.79;14.95
United Kingdom;1985;9.90;2.07;11.97
United States;1985;18.88;2.53;21.41
Koweit;1985;16.80;3.71;20.52
Qatar;1985;33.45;10.20;43.65
Argentina;1986;3.39;3.08;6.47
Australia;1986;14.98;6.82;21.80
Brazil;1986;1.44;2.09;3.53
Canada;1986;15.52;2.81;18.33
China;1986;1.94;0.87;2.81
France;1986;6.77;1.42;8.19
Germany;1986;0.00;1.60;1.60
India;1986;0.57;0.62;1.19
Indonesia;1986;0.72;1.35;2.07
Iran;1986;3.01;0.78;3.79
Japan;1986;7.53;0.61;8.14
Korea;1986;4.43;0.82;5.25
Mexico;1986;3.80;1.25;5.05
Nigeria;1986;0.13;7.59;7.72
Pakistan;1986;0.52;0.87;1.39
Russia;1986;26.66;3.88;30.54
Saudi Arabia;1986;14.85;2.05;16.90
United Kingdom;1986;10.03;2.16;12.19
United States;1986;18.72;2.49;21.21
Koweit;1986;19.28;3.55;22.83
Qatar;1986;33.43;10.02;43.46
Argentina;1987;3.69;3.05;6.74
Australia;1987;15.75;6.38;22.13
Brazil;1987;1.47;2.23;3.70
Canada;1987;16.31;2.80;19.11
China;1987;2.04;0.87;2.91
France;1987;6.59;1.37;7.96
Germany;1987;0.00;1.55;1.55
India;1987;0.60;0.61;1.21
Indonesia;1987;0.72;1.93;2.65
Iran;1987;3.12;0.78;3.90
Japan;1987;7.42;0.57;7.99
Korea;1987;4.63;0.81;5.44
Mexico;1987;3.88;1.23;5.11
Nigeria;1987;0.14;7.17;7.31
Pakistan;1987;0.54;0.86;1.40
Russia;1987;26.37;3.96;30.33
Saudi Arabia;1987;13.20;1.84;15.04
United Kingdom;1987;10.07;2.13;12.20
United States;1987;19.35;2.50;21.85
Koweit;1987;16.23;3.39;19.62
Qatar;1987;27.24;9.37;36.61
Argentina;1988;3.84;3.10;6.94
Australia;1988;15.80;6.27;22.07
Brazil;1988;1.46;2.11;3.57
Canada;1988;17.02;2.93;19.95
China;1988;2.15;0.87;3.02
France;1988;6.46;1.31;7.77
Germany;1988;0.00;1.51;1.51
India;1988;0.63;0.62;1.25
Indonesia;1988;0.76;0.92;1.68
Iran;1988;3.32;0.74;4.06
Japan;1988;8.07;0.56;8.63
Korea;1988;5.28;0.79;6.07
Mexico;1988;3.80;1.19;4.99
Nigeria;1988;0.13;7.49;7.62
Pakistan;1988;0.57;0.86;1.43
Russia;1988;26.90;4.09;30.99
Saudi Arabia;1988;13.44;2.07;15.51
United Kingdom;1988;10.02;2.11;12.13
United States;1988;20.01;2.53;22.54
Koweit;1988;16.18;3.58;19.75
Qatar;1988;26.89;9.23;36.12
Argentina;1989;3.64;3.12;6.76
Australia;1989;16.52;6.49;23.01
Brazil;1989;1.46;2.12;3.58
Canada;1989;16.98;3.39;20.37
China;1989;2.15;0.89;3.04
France;1989;6.74;1.30;8.04
Germany;1989;0.00;1.49;1.49
India;1989;0.68;0.62;1.30
Indonesia;1989;0.73;0.96;1.69
Iran;1989;3.49;0.77;4.26
Japan;1989;8.33;0.55;8.88
Korea;1989;5.56;0.76;6.32
Mexico;1989;4.39;1.20;5.59
Nigeria;1989;0.13;7.94;8.07
Pakistan;1989;0.58;0.85;1.43
Russia;1989;26.15;4.14;30.29
Saudi Arabia;1989;13.00;2.07;15.07
United Kingdom;1989;10.19;2.08;12.27
United States;1989;20.08;2.52;22.60
Koweit;1989;17.15;4.07;21.22
Qatar;1989;31.03;9.41;40.44
Argentina;1990;3.06;3.25;6.31
Australia;1990;15.45;9.14;24.59
Brazil;1990;1.33;1.91;3.24
Canada;1990;15.14;3.14;18.28
China;1990;1.91;0.64;2.55
France;1990;6.12;1.33;7.45
Germany;1990;12.03;1.66;13.69
India;1990;0.64;0.60;1.24
Indonesia;1990;0.82;1.64;2.46
Iran;1990;3.18;1.10;4.28
Japan;1990;8.85;0.31;9.16
Korea;1990;5.81;0.68;6.49
Mexico;1990;3.19;1.03;4.22
Nigeria;1990;0.07;14.10;14.17
Pakistan;1990;0.57;0.65;1.22
Russia;1990;14.63;6.28;20.91
Saudi Arabia;1990;10.25;1.20;11.45
United Kingdom;1990;9.72;2.27;11.99
United States;1990;19.41;3.07;22.48
Koweit;1990;13.96;1.18;15.14
Qatar;1990;26.33;2.88;29.21
Argentina;1991;3.18;3.19;6.37
Australia;1991;15.32;9.01;24.33
Brazil;1991;1.35;1.98;3.33
Canada;1991;14.73;3.15;17.88
China;1991;2.00;0.65;2.65
France;1991;6.50;1.32;7.82
Germany;1991;11.65;1.59;13.24
India;1991;0.68;0.59;1.27
Indonesia;1991;0.88;1.64;2.52
Iran;1991;3.77;1.10;4.87
Japan;1991;8.92;0.30;9.22
Korea;1991;6.33;0.67;7.00
Mexico;1991;3.35;1.02;4.37
Nigeria;1991;0.07;13.90;13.97
Pakistan;1991;0.54;0.65;1.19
Russia;1991;14.43;5.82;20.25
Saudi Arabia;1991;11.13;1.25;12.38
United Kingdom;1991;9.93;2.28;12.21
United States;1991;19.01;3.04;22.05
Koweit;1991;17.60;1.30;18.90
Qatar;1991;29.98;3.00;32.97
Argentina;1992;3.20;3.21;6.41
Australia;1992;15.34;8.87;24.21
Brazil;1992;1.35;1.97;3.32
Canada;1992;15.02;3.25;18.27
China;1992;2.08;0.65;2.73
France;1992;6.26;1.30;7.56
Germany;1992;11.07;1.48;12.55
India;1992;0.69;0.59;1.28
Indonesia;1992;0.91;1.66;2.57
Iran;1992;3.97;1.13;5.10
Japan;1992;8.98;0.30;9.28
Korea;1992;6.77;0.65;7.42
Mexico;1992;3.33;1.00;4.33
Nigeria;1992;0.06;13.55;13.61
Pakistan;1992;0.59;0.64;1.23
Russia;1992;13.50;5.26;18.76
Saudi Arabia;1992;11.53;1.29;12.82
United Kingdom;1992;9.60;2.27;11.87
United States;1992;19.03;3.00;22.03
Koweit;1992;12.65;1.58;22.03
Qatar;1992;29.63;3.13;32.76
Argentina;1993;3.27;3.15;6.42
Australia;1993;15.42;8.59;24.01
Brazil;1993;1.37;1.95;3.32
Canada;1993;14.74;3.31;18.05
China;1993;2.24;0.64;2.88
France;1993;5.91;1.30;7.21
Germany;1993;10.93;1.46;12.39
India;1993;0.70;0.58;1.28
Indonesia;1993;0.97;1.65;2.62
Iran;1993;3.87;1.14;5.01
Japan;1993;8.89;0.29;9.18
Korea;1993;7.39;0.63;8.02
Mexico;1993;3.39;1.07;4.46
Nigeria;1993;0.07;13.23;13.30
Pakistan;1993;0.63;0.64;1.27
Russia;1993;12.27;4.88;17.15
Saudi Arabia;1993;11.61;1.33;12.94
United Kingdom;1993;9.36;2.24;11.60
United States;1993;19.24;2.89;22.13
Koweit;1993;17.09;1.83;22.13
Qatar;1993;30.89;3.29;34.18
Argentina;1994;3.31;3.15;6.46
Australia;1994;15.61;8.44;24.05
Brazil;1994;1.40;1.95;3.35
Canada;1994;15.13;3.36;18.49
China;1994;2.32;0.65;2.97
France;1994;5.81;1.29;7.10
Germany;1994;10.75;1.40;12.15
India;1994;0.73;0.58;1.31
Indonesia;1994;1.02;1.64;2.66
Iran;1994;4.31;1.16;5.47
Japan;1994;9.29;0.29;9.58
Korea;1994;7.91;0.62;8.53
Mexico;1994;3.62;1.06;4.68
Nigeria;1994;0.06;13.01;13.07
Pakistan;1994;0.63;0.63;1.26
Russia;1994;10.87;4.49;15.36
Saudi Arabia;1994;12.01;1.38;13.39
United Kingdom;1994;9.25;2.11;11.36
United States;1994;19.28;2.88;22.16
Koweit;1994;19.71;1.98;22.16
Qatar;1994;32.05;3.43;35.48
Argentina;1995;3.27;3.13;6.40
Australia;1995;15.99;8.26;24.25
Brazil;1995;1.49;1.92;3.41
Canada;1995;15.34;3.46;18.80
China;1995;2.56;0.66;3.22
France;1995;5.92;1.29;7.21
Germany;1995;10.69;1.37;12.06
India;1995;0.77;0.57;1.34
Indonesia;1995;1.13;1.63;2.76
Iran;1995;4.43;1.20;5.63
Japan;1995;9.35;0.28;9.63
Korea;1995;8.52;0.61;9.13
Mexico;1995;3.34;1.05;4.39
Nigeria;1995;0.06;11.86;11.92
Pakistan;1995;0.67;0.63;1.30
Russia;1995;10.55;4.31;14.86
Saudi Arabia;1995;11.93;1.42;13.35
United Kingdom;1995;9.04;2.14;11.18
United States;1995;19.25;2.80;22.05
Koweit;1995;21.05;2.27;23.31
Qatar;1995;33.15;3.54;36.69
Argentina;1996;3.59;3.04;6.63
Australia;1996;16.36;7.76;24.12
Brazil;1996;1.60;1.85;3.45
Canada;1996;15.64;3.56;19.20
China;1996;2.52;0.68;3.20
France;1996;6.16;1.27;7.43
Germany;1996;11.02;1.33;12.35
India;1996;0.79;0.57;1.36
Indonesia;1996;1.17;1.61;2.78
Iran;1996;4.50;1.25;5.75
Japan;1996;9.43;0.27;9.70
Korea;1996;8.98;0.62;9.60
Mexico;1996;3.50;1.08;4.58
Nigeria;1996;0.07;10.88;10.95
Pakistan;1996;0.67;0.64;1.31
Russia;1996;10.36;4.20;14.56
Saudi Arabia;1996;12.30;1.46;13.76
United Kingdom;1996;9.36;2.11;11.47
United States;1996;19.61;2.74;22.35
Koweit;1996;20.25;2.27;22.52
Qatar;1996;34.28;3.66;37.93
Argentina;1997;3.57;3.02;6.59
Australia;1997;16.57;7.79;24.36
Brazil;1997;1.68;1.86;3.54
Canada;1997;16.00;3.58;19.58
China;1997;2.54;0.64;3.18
France;1997;5.99;1.24;7.23
Germany;1997;10.62;1.28;11.90
India;1997;0.82;0.57;1.39
Indonesia;1997;1.27;1.57;2.84
Iran;1997;4.62;1.29;5.91
Japan;1997;9.31;0.26;9.57
Korea;1997;9.37;0.62;9.99
Mexico;1997;3.69;1.11;4.80
Nigeria;1997;0.06;10.02;10.08
Pakistan;1997;0.68;0.64;1.32
Russia;1997;9.65;4.13;13.78
Saudi Arabia;1997;11.07;1.50;12.57
United Kingdom;1997;8.96;2.07;11.03
United States;1997;20.35;2.65;23.00
Koweit;1997;19.91;2.18;22.09
Qatar;1997;36.33;3.74;40.07
Argentina;1998;3.69;2.93;6.62
Australia;1998;17.51;7.81;25.32
Brazil;1998;1.71;1.87;3.58
Canada;1998;16.14;3.62;19.76
China;1998;2.60;0.66;3.26
France;1998;6.33;1.24;7.57
Germany;1998;10.52;1.21;11.73
India;1998;0.82;0.57;1.39
Indonesia;1998;1.27;1.56;2.83
Iran;1998;4.58;1.33;5.91
Japan;1998;8.95;0.25;9.20
Korea;1998;7.90;0.58;8.48
Mexico;1998;3.88;1.11;4.99
Nigeria;1998;0.07;9.20;9.27
Pakistan;1998;0.67;0.64;1.31
Russia;1998;9.61;4.05;13.66
Saudi Arabia;1998;11.65;1.53;13.18
United Kingdom;1998;8.98;2.00;10.98
United States;1998;20.27;2.55;22.82
Koweit;1998;21.78;2.06;23.84
Qatar;1998;37.73;3.77;41.50
Argentina;1999;3.68;2.98;6.66
Australia;1999;17.60;8.30;25.90
Brazil;1999;1.74;1.87;3.61
Canada;1999;16.29;3.55;19.84
China;1999;2.51;0.66;3.17
France;1999;6.20;1.23;7.43
Germany;1999;10.15;1.20;11.35
India;1999;0.87;0.56;1.43
Indonesia;1999;1.34;1.53;2.87
Iran;1999;5.04;1.36;6.40
Japan;1999;9.21;0.24;9.45
Korea;1999;8.60;0.57;9.17
Mexico;1999;3.70;1.06;4.76
Nigeria;1999;0.06;8.35;8.41
Pakistan;1999;0.71;0.64;1.35
Russia;1999;9.89;4.07;13.96
Saudi Arabia;1999;11.61;1.56;13.17
United Kingdom;1999;8.90;1.90;10.80
United States;1999;20.11;2.47;22.58
Koweit;1999;22.41;1.96;24.36
Qatar;1999;40.23;3.80;44.03
Argentina;2000;3.58;2.98;6.56
Australia;2000;17.69;8.75;26.44
Brazil;2000;1.79;1.86;3.65
Canada;2000;16.78;3.48;20.26
China;2000;2.65;0.66;3.31
France;2000;6.13;1.24;7.37
Germany;2000;10.10;1.14;11.24
India;2000;0.89;0.56;1.45
Indonesia;2000;1.32;1.52;2.84
Iran;2000;5.19;1.38;6.57
Japan;2000;9.33;0.24;9.57
Korea;2000;9.69;0.56;10.25
Mexico;2000;3.89;1.06;4.95
Nigeria;2000;0.06;7.53;7.59
Pakistan;2000;0.69;0.63;1.32
Russia;2000;10.16;4.21;14.37
Saudi Arabia;2000;11.82;1.59;13.41
United Kingdom;2000;9.00;1.82;10.82
United States;2000;20.47;2.41;22.88
Koweit;2000;23.06;1.89;24.96
Qatar;2000;36.68;3.81;40.49
Argentina;2001;3.35;2.94;6.29
Australia;2001;17.77;9.05;26.82
Brazil;2001;1.80;1.94;3.74
Canada;2001;16.34;3.40;19.74
China;2001;2.77;0.65;3.42
France;2001;6.14;1.22;7.36
Germany;2001;10.29;1.08;11.37
India;2001;0.89;0.55;1.44
Indonesia;2001;1.41;1.46;2.87
Iran;2001;5.28;1.45;6.73
Japan;2001;9.21;0.23;9.44
Korea;2001;9.93;0.57;10.50
Mexico;2001;3.82;1.04;4.86
Nigeria;2001;0.06;7.49;7.55
Pakistan;2001;0.68;0.62;1.30
Russia;2001;10.21;4.40;14.61
Saudi Arabia;2001;11.72;1.61;13.33
United Kingdom;2001;9.21;1.76;10.97
United States;2001;20.18;2.36;22.54
Koweit;2001;24.16;1.89;26.05
Qatar;2001;38.19;3.90;42.10
Argentina;2002;3.12;2.99;6.11
Australia;2002;17.96;8.51;26.47
Brazil;2002;1.77;2.01;3.78
Canada;2002;16.76;3.31;20.07
China;2002;2.97;0.64;3.61
France;2002;6.01;1.18;7.19
Germany;2002;10.10;1.03;11.13
India;2002;0.90;0.54;1.44
Indonesia;2002;1.41;1.41;2.82
Iran;2002;5.48;1.52;7.00
Japan;2002;9.47;0.22;9.69
Korea;2002;9.70;0.57;10.27
Mexico;2002;3.82;1.03;4.85
Nigeria;2002;0.06;7.48;7.54
Pakistan;2002;0.68;0.63;1.31
Russia;2002;10.27;4.60;14.87
Saudi Arabia;2002;12.24;1.62;13.86
United Kingdom;2002;8.93;1.72;10.65
United States;2002;19.45;2.29;21.74
Koweit;2002;24.98;1.95;26.93
Qatar;2002;43.07;4.03;47.09
Argentina;2003;3.37;3.13;6.50
Australia;2003;17.69;6.39;24.08
Brazil;2003;1.70;2.08;3.78
Canada;2003;17.23;3.23;20.46
China;2003;3.43;0.63;4.06
France;2003;6.05;1.15;7.20
Germany;2003;10.14;0.98;11.12
India;2003;0.91;0.54;1.45
Indonesia;2003;1.52;1.35;2.87
Iran;2003;5.73;1.59;7.32
Japan;2003;9.52;0.22;9.74
Korea;2003;9.70;0.57;10.27
Mexico;2003;3.95;1.04;4.99
Nigeria;2003;0.06;7.49;7.55
Pakistan;2003;0.69;0.63;1.32
Russia;2003;10.52;4.97;15.49
Saudi Arabia;2003;12.38;1.63;14.01
United Kingdom;2003;9.09;1.62;10.71
United States;2003;19.51;2.27;21.78
Koweit;2003;25.74;2.00;27.73
Qatar;2003;42.40;4.06;46.47
Argentina;2004;3.69;3.13;6.82
Australia;2004;18.15;7.35;25.50
Brazil;2004;1.78;2.15;3.93
Canada;2004;16.82;3.23;20.05
China;2004;3.95;0.64;4.59
France;2004;6.03;1.12;7.15
Germany;2004;9.95;0.90;10.85
India;2004;0.96;0.54;1.50
Indonesia;2004;1.54;1.32;2.86
Iran;2004;6.09;1.67;7.76
Japan;2004;9.48;0.22;9.70
Korea;2004;10.08;0.55;10.63
Mexico;2004;3.96;1.02;4.98
Nigeria;2004;0.06;7.50;7.56
Pakistan;2004;0.76;0.64;1.40
Russia;2004;10.65;5.23;15.88
Saudi Arabia;2004;12.72;1.65;14.37
United Kingdom;2004;9.04;1.53;10.57
United States;2004;19.60;2.24;21.84
Koweit;2004;27.03;2.02;29.06
Qatar;2004;42.36;3.92;46.27
Argentina;2005;3.76;3.10;6.86
Australia;2005;18.12;6.32;24.44
Brazil;2005;1.78;2.13;3.91
Canada;2005;17.06;3.15;20.21
China;2005;4.46;0.64;5.10
France;2005;6.03;1.09;7.12
Germany;2005;9.73;0.86;10.59
India;2005;0.99;0.54;1.53
Indonesia;2005;1.52;1.26;2.78
Iran;2005;6.47;1.74;8.21
Japan;2005;9.50;0.21;9.71
Korea;2005;9.96;0.55;10.51
Mexico;2005;4.08;1.02;5.10
Nigeria;2005;0.06;7.54;7.60
Pakistan;2005;0.76;0.64;1.40
Russia;2005;10.67;5.33;16.00
Saudi Arabia;2005;12.97;1.66;14.63
United Kingdom;2005;8.95;1.45;10.40
United States;2005;19.48;2.21;21.69
Koweit;2005;29.62;2.03;31.65
Qatar;2005;47.70;3.58;51.28
Argentina;2006;3.95;3.12;7.07
Australia;2006;18.12;7.14;25.26
Brazil;2006;1.77;2.09;3.86
Canada;2006;16.61;3.11;19.72
China;2006;4.91;0.67;5.58
France;2006;5.84;1.07;6.91
Germany;2006;9.88;0.81;10.69
India;2006;1.04;0.54;1.58
Indonesia;2006;1.59;1.22;2.81
Iran;2006;6.96;1.81;8.77
Japan;2006;9.31;0.21;9.52
Korea;2006;10.05;0.55;10.60
Mexico;2006;4.18;1.05;5.23
Nigeria;2006;0.05;7.34;7.39
Pakistan;2006;0.81;0.67;1.48
Russia;2006;11.12;5.46;16.58
Saudi Arabia;2006;13.40;1.66;15.06
United Kingdom;2006;8.90;1.37;10.27
United States;2006;18.96;2.19;21.15
Koweit;2006;29.35;1.95;31.30
Qatar;2006;43.98;3.47;47.45
Argentina;2007;4.12;3.11;7.23
Australia;2007;18.50;6.95;25.45
Brazil;2007;1.85;2.07;3.92
Canada;2007;17.37;3.03;20.40
China;2007;5.30;0.70;6.00
France;2007;5.67;1.06;6.73
Germany;2007;9.53;0.78;10.31
India;2007;1.13;0.54;1.67
Indonesia;2007;1.64;1.18;2.82
Iran;2007;7.34;1.87;9.21
Japan;2007;9.58;0.21;9.79
Korea;2007;10.30;0.54;10.84
Mexico;2007;4.24;1.09;5.33
Nigeria;2007;0.06;7.09;7.15
Pakistan;2007;0.87;0.67;1.54
Russia;2007;11.14;5.54;16.68
Saudi Arabia;2007;13.80;1.66;15.46
United Kingdom;2007;8.63;1.30;9.93
United States;2007;19.06;2.14;21.20
Koweit;2007;27.45;1.86;29.31
Qatar;2007;41.90;3.44;45.34
Argentina;2008;4.20;3.06;7.26
Australia;2008;18.28;6.05;24.33
Brazil;2008;1.94;2.04;3.98
Canada;2008;16.55;2.90;19.45
China;2008;5.43;0.73;6.16
France;2008;5.56;1.05;6.61
Germany;2008;9.62;0.77;10.39
India;2008;1.19;0.54;1.73
Indonesia;2008;1.60;1.14;2.74
Iran;2008;7.41;1.90;9.31
Japan;2008;9.06;0.20;9.26
Korea;2008;10.46;0.53;10.99
Mexico;2008;4.31;1.21;5.52
Nigeria;2008;0.06;6.86;6.92
Pakistan;2008;0.83;0.68;1.51
Russia;2008;11.30;5.56;16.86
Saudi Arabia;2008;14.76;1.66;16.42
United Kingdom;2008;8.32;1.21;9.53
United States;2008;18.29;2.17;20.46
Koweit;2008;27.45;1.76;29.21
Qatar;2008;38.44;3.22;41.67
Argentina;2009;3.89;2.91;6.80
Australia;2009;18.21;6.06;24.27
Brazil;2009;1.81;2.05;3.86
Canada;2009;15.49;2.73;18.22
China;2009;5.80;0.77;6.57
France;2009;5.31;1.03;6.34
Germany;2009;8.97;0.74;9.71
India;2009;1.29;0.53;1.82
Indonesia;2009;1.65;1.11;2.76
Iran;2009;7.56;1.96;9.52
Japan;2009;8.60;0.20;8.80
Korea;2009;10.66;0.53;11.19
Mexico;2009;4.11;1.18;5.29
Nigeria;2009;0.07;6.56;6.63
Pakistan;2009;0.83;0.68;1.51
Russia;2009;10.47;5.42;15.89
Saudi Arabia;2009;15.01;1.65;16.66
United Kingdom;2009;7.47;1.13;8.60
United States;2009;16.82;2.12;18.94
Koweit;2009;26.60;1.67;28.27
Qatar;2009;34.54;3.08;37.63
Argentina;2010;4.12;2.69;6.81
Australia;2010;17.58;5.42;23.00
Brazil;2010;2.03;2.11;4.14
Canada;2010;15.73;2.65;18.38
China;2010;6.33;0.80;7.13
France;2010;5.35;1.01;6.36
Germany;2010;9.45;0.73;10.18
India;2010;1.35;0.53;1.88
Indonesia;2010;1.72;1.08;2.80
Iran;2010;7.47;2.03;9.50
Japan;2010;9.03;0.19;9.22
Korea;2010;11.59;0.54;12.13
Mexico;2010;4.11;1.13;5.24
Nigeria;2010;0.08;6.50;6.58
Pakistan;2010;0.78;0.66;1.44
Russia;2010;11.08;5.61;16.69
Saudi Arabia;2010;16.02;1.66;17.68
United Kingdom;2010;7.68;1.05;8.73
United States;2010;17.43;2.10;19.53
Koweit;2010;26.15;1.58;27.73
Qatar;2010;33.54;2.98;36.53
Argentina;2011;4.30;2.64;6.94
Australia;2011;17.27;7.56;24.83
Brazil;2011;2.11;2.09;4.20
Canada;2011;15.95;2.62;18.57
China;2011;6.90;0.82;7.72
France;2011;5.10;0.98;6.08
Germany;2011;9.30;0.73;10.03
India;2011;1.41;0.52;1.93
Indonesia;2011;1.96;1.04;3.00
Iran;2011;7.53;1.98;9.51
Japan;2011;9.48;0.19;9.67
Korea;2011;11.96;0.53;12.49
Mexico;2011;4.16;1.12;5.28
Nigeria;2011;0.08;6.54;6.62
Pakistan;2011;0.77;0.68;1.45
Russia;2011;11.62;5.70;17.32
Saudi Arabia;2011;16.16;1.49;17.65
United Kingdom;2011;7.03;1.00;8.03
United States;2011;16.60;2.02;18.62
Koweit;2011;25.62;1.55;27.17
Qatar;2011;32.31;2.93;35.24
Argentina;2012;4.28;2.68;6.96
Australia;2012;16.97;7.33;24.30
Brazil;2012;2.27;2.08;4.35
Canada;2012;15.76;2.67;18.43
China;2012;7.06;0.85;7.91
France;2012;5.12;0.96;6.08
Germany;2012;9.45;0.74;10.19
India;2012;1.51;0.51;2.02
Indonesia;2012;1.96;1.01;2.97
Iran;2012;7.56;1.94;9.50
Japan;2012;9.81;0.18;9.99
Korea;2012;11.93;0.54;12.47
Mexico;2012;4.10;1.05;5.15
Nigeria;2012;0.11;6.51;6.62
Pakistan;2012;0.77;0.68;1.45
Russia;2012;11.64;5.76;17.40
Saudi Arabia;2012;16.76;1.32;18.08
United Kingdom;2012;7.33;0.96;8.29
United States;2012;15.77;1.97;17.74
Koweit;2012;24.96;1.53;26.49
Qatar;2012;33.37;2.91;36.28
Argentina;2013;4.36;2.69;7.05
Australia;2013;16.40;5.50;21.90
Brazil;2013;2.40;2.05;4.45
Canada;2013;15.86;2.71;18.57
China;2013;7.32;0.87;8.19
France;2013;5.10;0.95;6.05
Germany;2013;9.64;0.72;10.36
India;2013;1.54;0.51;2.05
Indonesia;2013;1.80;1.01;2.81
Iran;2013;7.75;1.90;9.65
Japan;2013;9.89;0.18;10.07
Korea;2013;11.85;0.53;12.38
Mexico;2013;3.95;1.03;4.98
Nigeria;2013;0.10;6.39;6.49
Pakistan;2013;0.76;0.69;1.45
Russia;2013;11.32;5.75;17.07
Saudi Arabia;2013;16.62;1.32;17.94
United Kingdom;2013;7.06;0.88;7.94
United States;2013;16.10;1.96;18.06
Koweit;2013;24.18;1.51;25.69
Qatar;2013;31.93;2.92;34.85
Argentina;2014;4.22;2.68;6.90
Australia;2014;15.76;5.76;21.52
Brazil;2014;2.50;2.05;4.55
Canada;2014;15.85;2.74;18.59
China;2014;7.25;0.88;8.13
France;2014;4.59;0.93;5.52
Germany;2014;9.11;0.71;9.82
India;2014;1.65;0.50;2.15
Indonesia;2014;1.92;1.04;2.96
Iran;2014;7.88;1.80;9.68
Japan;2014;9.58;0.18;9.76
Korea;2014;11.55;0.52;12.07
Mexico;2014;3.81;1.09;4.90
Nigeria;2014;0.10;6.29;6.39
Pakistan;2014;0.79;0.70;1.49
Russia;2014;11.17;5.77;16.94
Saudi Arabia;2014;17.36;1.32;18.68
United Kingdom;2014;6.42;0.83;7.25
United States;2014;16.03;1.95;17.98
Koweit;2014;22.64;1.51;24.15
Qatar;2014;32.69;2.92;35.61
Argentina;2015;4.31;2.65;6.96
Australia;2015;15.79;5.60;21.39
Brazil;2015;2.35;2.07;4.42
Canada;2015;15.65;2.66;18.31
China;2015;7.17;0.90;8.07
France;2015;4.67;0.92;5.59
Germany;2015;9.09;0.70;9.79
India;2015;1.64;0.50;2.14
Indonesia;2015;1.90;1.04;2.94
Iran;2015;7.67;1.77;9.44
Japan;2015;9.29;0.17;9.46
Korea;2015;11.89;0.51;12.40
Mexico;2015;3.88;1.15;5.03
Nigeria;2015;0.10;6.17;6.27
Pakistan;2015;0.82;0.70;1.52
Russia;2015;10.81;5.80;16.61
Saudi Arabia;2015;17.69;1.32;19.01
United Kingdom;2015;6.15;0.80;6.95
United States;2015;15.54;1.92;17.46
Koweit;2015;22.95;1.50;24.46
Qatar;2015;32.47;3.00;35.47
Argentina;2016;4.23;2.65;6.88
Australia;2016;15.87;4.89;20.76
Brazil;2016;2.14;2.06;4.20
Canada;2016;15.24;2.51;17.75
China;2016;7.12;0.90;8.02
France;2016;4.69;0.90;5.59
Germany;2016;9.07;0.67;9.74
India;2016;1.65;0.50;2.15
Indonesia;2016;1.89;1.06;2.95
Iran;2016;7.61;1.80;9.41
Japan;2016;9.22;0.17;9.39
Korea;2016;12.00;0.50;12.50
Mexico;2016;3.89;1.15;5.04
Nigeria;2016;0.09;6.10;6.19
Pakistan;2016;0.89;0.70;1.59
Russia;2016;10.61;5.91;16.52
Saudi Arabia;2016;17.16;1.31;18.47
United Kingdom;2016;5.77;0.79;6.56
United States;2016;15.13;1.89;17.02
Koweit;2016;22.71;1.48;24.20
Qatar;2016;32.13;2.97;35.10
Argentina;2017;4.09;2.67;6.76
Australia;2017;15.74;5.68;21.42
Brazil;2017;2.16;2.03;4.19
Canada;2017;15.39;2.53;17.92
China;2017;7.23;0.89;8.12
France;2017;4.73;0.88;5.61
Germany;2017;8.86;0.66;9.52
India;2017;1.72;0.49;2.21
Indonesia;2017;2.01;1.07;3.08
Iran;2017;7.69;1.81;9.50
Japan;2017;9.09;0.17;9.26
Korea;2017;12.18;0.50;12.68
Mexico;2017;3.78;1.15;4.93
Nigeria;2017;0.10;5.87;5.97
Pakistan;2017;0.95;0.71;1.66
Russia;2017;10.78;5.88;16.66
Saudi Arabia;2017;16.33;1.31;17.64
United Kingdom;2017;5.55;0.78;6.33
United States;2017;14.81;1.89;16.70
Koweit;2017;22.12;1.47;23.59
Qatar;2017;32.18;2.97;35.14
Argentina;2018;3.99;2.65;6.64
Australia;2018;15.48;5.57;21.05
Brazil;2018;2.04;1.99;4.03
Canada;2018;15.50;2.54;18.04
China;2018;7.41;0.89;8.30
France;2018;4.62;0.87;5.49
Germany;2018;8.56;0.64;9.20
India;2018;1.80;0.49;2.29
Indonesia;2018;2.18;1.07;3.25
Iran;2018;7.69;1.83;9.52
Japan;2018;8.74;0.17;8.91
Korea;2018;12.22;0.49;12.71
Mexico;2018;3.74;1.15;4.89
Nigeria;2018;0.10;5.70;5.80
Pakistan;2018;0.98;0.71;1.69
Russia;2018;11.13;5.88;17.01
Saudi Arabia;2018;15.27;1.31;16.58
United Kingdom;2018;5.40;0.77;6.17
United States;2018;15.24;1.90;17.14
Koweit;2018;21.62;1.47;23.09
Qatar;2018;32.42;2.92;35.33
